1.437648257432417420e+00,1.552099534718717200e+00,0.000000000000000000e+00
9.380222272213450951e-01,-5.423769774147086942e-01,0.000000000000000000e+00
5.666811425748284892e-01,7.426506799668886050e-01,0.000000000000000000e+00
1.437754160666742109e+00,-8.129041305354726132e-01,0.000000000000000000e+00
-1.199287629567137303e+00,-8.961918189696937986e-02,0.000000000000000000e+00
1.225380785516391846e+00,-1.495129652052441971e+00,0.000000000000000000e+00
-6.496472303723621611e-01,5.080428297796170112e-01,0.000000000000000000e+00
-4.965187077698989815e-01,-9.815365356007194064e-02,0.000000000000000000e+00
-1.080780302252557945e+00,8.012723728569988435e-02,0.000000000000000000e+00
-8.966504826726201527e-01,-3.972977835516961487e-01,0.000000000000000000e+00
-4.347415735649633461e-01,1.853982552502724535e-01,0.000000000000000000e+00
1.462779029914937079e-01,-9.530987048522222838e-02,0.000000000000000000e+00
-1.008654713465569230e+00,1.452235265868105252e+00,0.000000000000000000e+00
1.464330285573268720e+00,-3.970282509107330160e-01,0.000000000000000000e+00
7.489581723379346023e-02,8.651229462882427390e-02,0.000000000000000000e+00
5.581706044271100148e-02,4.465519334882580016e-01,0.000000000000000000e+00
-2.216365591619946784e-01,-2.327805827809490413e+00,0.000000000000000000e+00
9.924217206483019194e-01,-7.515939132752039176e-02,0.000000000000000000e+00
2.463136741732067925e-01,1.131143348756851186e+00,0.000000000000000000e+00
9.204773524500224902e-01,6.295489729706262860e-01,0.000000000000000000e+00
-8.211589058845419897e-02,-6.690824223828647499e-01,0.000000000000000000e+00
7.255023363005077552e-01,3.420889422662385521e-02,0.000000000000000000e+00
2.681743000578049041e-01,4.800195506119014355e-01,0.000000000000000000e+00
-6.062935351365483783e-01,1.315254524303650641e+00,0.000000000000000000e+00
7.161275348582294420e-01,-2.811707677399370997e+00,0.000000000000000000e+00
-4.567100758951431368e-03,-2.858155796888836031e-01,0.000000000000000000e+00
1.182610559752954815e+00,-1.152905099826168067e+00,0.000000000000000000e+00
-1.024271780080928007e+00,7.834905950950801223e-01,0.000000000000000000e+00
1.485804442434013106e+00,-1.728524581994013376e+00,0.000000000000000000e+00
6.444630164187513666e-01,3.966739792083966987e-01,0.000000000000000000e+00
1.863205203976682212e+00,-1.139275697659858810e+00,0.000000000000000000e+00
-4.504992768205349218e-01,-7.452548666136125100e-01,0.000000000000000000e+00
6.497409493259258539e-01,1.644078103527951140e-01,0.000000000000000000e+00
-7.940917237876154999e-01,1.487420051798779896e+00,0.000000000000000000e+00
-6.370536811277450751e-01,-1.135736670113510094e+00,0.000000000000000000e+00
-8.649830526695267974e-02,-8.066678382221365018e-01,0.000000000000000000e+00
-1.104304923803046679e+00,6.602082457929497883e-01,0.000000000000000000e+00
3.335090557568774483e-01,4.409296133090696568e-01,0.000000000000000000e+00
-5.015200659731759991e-01,-1.984174935734829559e-01,0.000000000000000000e+00
-8.563811894032328231e-01,-2.173884904201069279e+00,0.000000000000000000e+00
3.746320004024301098e-01,-2.478174873026059155e-01,0.000000000000000000e+00
-4.104485803806912081e-02,6.195786442827629914e-01,0.000000000000000000e+00
6.326934601070186570e-01,2.714182304293755732e-01,0.000000000000000000e+00
6.076590447138618956e-01,-5.493810603569578843e-01,0.000000000000000000e+00
-1.361091951409387546e+00,6.073658769161276449e-01,0.000000000000000000e+00
4.497884537453623044e-01,-6.764516938502643795e-01,0.000000000000000000e+00
4.375876488201498882e-01,-9.835318926614659008e-01,0.000000000000000000e+00
-2.370493713704674987e-01,6.443184704442183053e-01,0.000000000000000000e+00
8.479270356588940460e-01,-8.603230402889964212e-01,0.000000000000000000e+00
-4.979054025029201469e-01,8.030446863665042789e-01,0.000000000000000000e+00
-1.927138605186476741e-02,1.433285884036189062e+00,0.000000000000000000e+00
-1.365343814310605808e+00,-3.292450823510349456e-01,0.000000000000000000e+00
1.012005051915952025e+00,3.065831502456641267e-01,0.000000000000000000e+00
2.245160838786232294e+00,-3.370291565782722321e-02,0.000000000000000000e+00
-5.554605882649125137e-01,-3.282694797511674367e-01,0.000000000000000000e+00
-5.959550184901436509e-01,7.722528040962209905e-01,0.000000000000000000e+00
2.231082262364939839e-01,8.213725754394135548e-01,0.000000000000000000e+00
1.969649147875068840e-01,5.553862250911307807e-01,0.000000000000000000e+00
-6.808753152075438519e-01,9.931378267918555824e-01,0.000000000000000000e+00
-1.457221446240528073e-01,-2.146056085963913077e-02,0.000000000000000000e+00
-5.804458777127317060e-01,-5.502330019115766468e-01,0.000000000000000000e+00
1.073265922356583024e+00,-6.559535780349463607e-01,0.000000000000000000e+00
-1.622598482892299299e-01,3.606413729614226238e-01,0.000000000000000000e+00
-7.444579226124231619e-01,2.159001972878396569e-01,0.000000000000000000e+00
-3.882803249278683755e-02,-6.293762678638741281e-01,0.000000000000000000e+00
-2.367866767839934550e-01,-8.981410600166216118e-02,0.000000000000000000e+00
-5.807948203142913046e-01,-9.774227209860115728e-01,0.000000000000000000e+00
8.390887173304085733e-01,-1.738834304775250139e+00,0.000000000000000000e+00
-7.079832571942156205e-01,-6.674776499834085275e-01,0.000000000000000000e+00
1.111241940656256144e+00,2.177391095220912801e-02,0.000000000000000000e+00
6.048907269787796581e-01,-7.957384987474949156e-01,0.000000000000000000e+00
-1.493366322729401396e+00,3.672266390412041170e-01,0.000000000000000000e+00
4.530428965536593272e-02,8.896948900982262765e-02,0.000000000000000000e+00
-1.285008578601449347e+00,5.686727252349785822e-01,0.000000000000000000e+00
-2.016426491610885940e-01,-3.798955729785292168e-01,0.000000000000000000e+00
5.035451809791672284e-01,-1.936829477925514631e+00,0.000000000000000000e+00
6.363739078108401337e-01,-2.588563067637684734e-01,0.000000000000000000e+00
-8.883322030776226175e-01,-9.034178434969205584e-01,0.000000000000000000e+00
-2.727546160932797559e+00,-2.012958440601468613e-01,0.000000000000000000e+00
2.739632692372298006e-01,-1.535297559801691802e+00,0.000000000000000000e+00
-3.822263286891970369e-01,-2.981165621839660052e+00,0.000000000000000000e+00
-4.691905437301212289e-03,-7.306959370255305952e-01,0.000000000000000000e+00
-1.467495156846774007e+00,4.614727661731939379e-01,0.000000000000000000e+00
3.520525834683059796e-01,-5.770890013005821606e-01,0.000000000000000000e+00
-3.946453025144223692e-01,-1.175839233194980737e+00,0.000000000000000000e+00
-1.051960156473962016e+00,-1.033621114181493494e+00,0.000000000000000000e+00
-1.358594576822127198e-01,-5.606118700242340713e-01,0.000000000000000000e+00
9.294517334810296072e-01,-4.507181712551428521e-01,0.000000000000000000e+00
9.970454098147180089e-01,8.182616847984566233e-01,0.000000000000000000e+00
-1.992569623809466728e-01,-7.962771610070098482e-01,0.000000000000000000e+00
6.908999858959460338e-01,-5.040735026997951174e-01,0.000000000000000000e+00
4.840746315656604404e-01,2.661085974655614361e+00,0.000000000000000000e+00
1.984196748663381860e-02,-1.413774938960603356e+00,0.000000000000000000e+00
2.190134636619500419e-01,7.726658203704916961e-01,0.000000000000000000e+00
-1.107299757637293380e+00,5.732067837911805075e-01,0.000000000000000000e+00
-2.025855233288049173e-01,9.140422547026593181e-01,0.000000000000000000e+00
-5.129630868119548076e-02,3.741777876218591592e-01,0.000000000000000000e+00
-5.114637516169461273e-01,2.435014593329570126e-02,0.000000000000000000e+00
-1.687766791812198353e+00,-1.409564521554206085e+00,0.000000000000000000e+00
4.758699632621928854e-01,9.189186648553125947e-01,0.000000000000000000e+00
-2.365615744080695193e-01,6.896724115526993160e-01,0.000000000000000000e+00
-1.275248280926950084e+00,-1.130645541103627805e+00,0.000000000000000000e+00
7.905497630344067161e-01,-2.342731192349866820e+00,0.000000000000000000e+00
-1.302669000804631994e+00,2.727427731434097224e-01,0.000000000000000000e+00
1.265551761954069709e+00,-1.733527133450095015e+00,0.000000000000000000e+00
-6.353518020180344283e-01,2.728365519339757128e-01,0.000000000000000000e+00
1.797475062698687953e-01,-2.450249063026125051e-01,0.000000000000000000e+00
1.156834845703387460e+00,-1.643698432033893209e-01,0.000000000000000000e+00
-4.534829870257424400e-02,-1.929058535112988970e+00,0.000000000000000000e+00
-1.016736498888477058e+00,1.296269777366815479e+00,0.000000000000000000e+00
1.738785675908451900e+00,6.522560370157549636e-01,0.000000000000000000e+00
9.567477806868354140e-01,3.235350707403200632e-01,0.000000000000000000e+00
6.424277918535128973e-02,-1.006699913383284573e+00,0.000000000000000000e+00
-2.160795913304954241e-01,1.758482597616737753e+00,0.000000000000000000e+00
-8.027828256203743684e-02,7.047143490933824861e-01,0.000000000000000000e+00
1.649631292086982948e-01,-1.499362091783791318e+00,0.000000000000000000e+00
-9.489510797853797364e-01,2.931433461615143843e-01,0.000000000000000000e+00
2.103331107494921803e-01,-5.008838627218472617e-01,0.000000000000000000e+00
6.131573507808476542e-01,-1.835595332389895029e+00,0.000000000000000000e+00
7.406235807904361090e-01,-4.066540016852012163e-01,0.000000000000000000e+00
4.171616775124082355e-01,1.122931153300843254e+00,0.000000000000000000e+00
5.894197489536654455e-01,6.731300407668993069e-01,0.000000000000000000e+00
4.261619568649024359e-01,-9.130498409913235802e-01,0.000000000000000000e+00
9.692658634386118743e-01,1.220015422203896138e+00,0.000000000000000000e+00
2.792762860564860228e-01,1.927999325904263817e-01,0.000000000000000000e+00
-3.698166937100823559e-01,-2.525780053097055333e-01,0.000000000000000000e+00
1.002249275487674257e-01,-7.836331745517136627e-01,0.000000000000000000e+00
-1.937021700685147785e+00,-1.143472432382875992e+00,0.000000000000000000e+00
1.328214426289001659e+00,9.173502413083050033e-01,0.000000000000000000e+00
-3.797011152911688447e-01,-7.596426950236004894e-01,0.000000000000000000e+00
-1.620618449824859919e+00,1.787818044454041688e+00,0.000000000000000000e+00
6.227434611859091751e-01,1.030358231034072425e+00,0.000000000000000000e+00
-1.926141726907012741e-01,7.348179229058435236e-02,0.000000000000000000e+00
7.693047711393046217e-01,-3.091760167512948576e-01,0.000000000000000000e+00
-7.080233733502918625e-01,7.745443848051354607e-02,0.000000000000000000e+00
1.423934120224436550e-01,2.233649998164509043e+00,0.000000000000000000e+00
-4.592613915566733929e-01,5.780470384441936949e-01,0.000000000000000000e+00
6.329596444620169127e-01,-1.599145624037206781e-01,0.000000000000000000e+00
-9.665882272367397610e-01,-2.930967601189729890e-02,0.000000000000000000e+00
-5.551543505235599640e-02,6.016562487863864606e-01,0.000000000000000000e+00
-3.295757245308542083e-01,-1.060667624951688648e+00,0.000000000000000000e+00
-1.460673965447851108e+00,-5.796061452364160704e-01,0.000000000000000000e+00
8.713351724647889762e-01,2.027215545139478270e-01,0.000000000000000000e+00
-2.226550732163988244e-01,6.108164353313117606e-03,0.000000000000000000e+00
-1.506969708700180988e+00,5.528648731407477257e-01,0.000000000000000000e+00
4.938780240337732885e-01,1.949080312742569321e+00,0.000000000000000000e+00
-1.287425047331124173e+00,-9.665396191372974677e-01,0.000000000000000000e+00
4.340284990198342574e-01,-1.904378217577629373e+00,0.000000000000000000e+00
-1.367005284890335792e+00,1.460125456156908363e+00,0.000000000000000000e+00
-6.005533781099159363e-01,-5.366221176674978999e-01,0.000000000000000000e+00
1.486860723920320648e+00,1.618696119469106076e+00,0.000000000000000000e+00
1.021605367334239983e-01,-9.896291893733080158e-01,0.000000000000000000e+00
-1.897035376169866824e-02,-2.150212301276510363e-01,0.000000000000000000e+00
-4.741802266279353528e-01,-1.607165410763634394e+00,0.000000000000000000e+00
-2.671763795179636358e-01,3.150467749839282461e-01,0.000000000000000000e+00
-1.540057540706625816e-01,-3.961020699851153792e-01,0.000000000000000000e+00
7.112812978938589659e-01,7.185274985401789438e-01,0.000000000000000000e+00
3.679500519756295218e-01,9.530593244894104421e-01,0.000000000000000000e+00
-2.715068556355766827e+00,-4.626215883653427841e-01,0.000000000000000000e+00
1.214205559292222958e+00,8.510412450065890644e-01,0.000000000000000000e+00
-9.304291821480787927e-01,7.698579892710091244e-01,0.000000000000000000e+00
6.193333468921516927e-01,1.556775537541986720e+00,0.000000000000000000e+00
-1.735737017293394135e+00,2.007251611663501689e-01,0.000000000000000000e+00
4.918016129993638685e-01,-2.086755408841518278e-01,0.000000000000000000e+00
-1.754023564233927024e+00,-4.352202901048250472e-01,0.000000000000000000e+00
-3.063560983093339685e-01,1.246020194190734731e+00,0.000000000000000000e+00
-6.217343861363303775e-02,-6.462206128721828535e-02,0.000000000000000000e+00
-8.115407274187961262e-01,1.212833798051458301e+00,0.000000000000000000e+00
6.695720923348944531e-01,-5.994683543810692683e-01,0.000000000000000000e+00
2.852019850970933246e-01,1.250445015017809913e+00,0.000000000000000000e+00
1.768337501059548122e-01,-1.927811363159826763e-01,0.000000000000000000e+00
-1.121977140783944726e+00,-1.947601360852790897e+00,0.000000000000000000e+00
7.076116986735772052e-01,9.004604848201540612e-01,0.000000000000000000e+00
9.949089811488676105e-01,-4.502444791372320898e-01,0.000000000000000000e+00
1.388022574591765368e+00,-1.098735942333610938e+00,0.000000000000000000e+00
-6.803762867198612785e-01,1.464951798072101852e+00,0.000000000000000000e+00
9.109704971948814345e-01,1.091472274729056391e+00,0.000000000000000000e+00
-2.431892346119057247e-01,-1.362827682610044722e+00,0.000000000000000000e+00
-2.000619721435688836e-01,2.623252034170520108e-01,0.000000000000000000e+00
1.830997793433708276e+00,-6.763480522263535244e-01,0.000000000000000000e+00
-6.076008881148418084e-01,-9.566742840166088113e-01,0.000000000000000000e+00
7.297800366321836874e-02,-1.602551686663157726e+00,0.000000000000000000e+00
-6.491030357831918396e-01,-3.100977654788298343e-01,0.000000000000000000e+00
3.108905100186492576e-01,1.134437637421217282e+00,0.000000000000000000e+00
-4.468888183586194884e-01,7.523783855279352339e-01,0.000000000000000000e+00
-2.155047314623939059e-01,-9.098210513507055675e-01,0.000000000000000000e+00
1.574928215514971308e+00,7.710086985242255997e-01,0.000000000000000000e+00
-2.069581669525201395e+00,6.119631346168385999e-01,0.000000000000000000e+00
-9.719098527956514522e-01,-2.007529317087001886e+00,0.000000000000000000e+00
-7.933566630438709799e-01,3.548412798182530858e-01,0.000000000000000000e+00
2.829338238278391801e-02,-1.050022563944175369e+00,0.000000000000000000e+00
1.079111719461822577e-01,1.097943051492475064e+00,0.000000000000000000e+00
5.726576401208296474e-01,-5.808877795544504022e-03,0.000000000000000000e+00
-1.002365175164750960e-01,-2.494866502688356524e-01,0.000000000000000000e+00
2.253039561058649276e-01,7.173280437757819650e-01,0.000000000000000000e+00
-1.979345739224028788e-01,-8.670957773219661879e-01,0.000000000000000000e+00
1.817298664931666641e-01,2.414203031874124217e-01,0.000000000000000000e+00
-1.334461902250508869e+00,6.836233600904638441e-02,0.000000000000000000e+00
1.278754313901698580e+00,3.048123718876543653e-01,0.000000000000000000e+00
-4.677517596031596225e-01,-7.890062255519848522e-01,0.000000000000000000e+00
-1.162601949964346959e-01,1.188608846810819131e+00,0.000000000000000000e+00
4.083327142466591231e-01,3.648800806441100941e-01,0.000000000000000000e+00
-3.249379746627774068e-01,-1.083768398785664333e+00,0.000000000000000000e+00
1.934588613233665377e-01,-1.781800184423549593e+00,0.000000000000000000e+00
8.424411485520104659e-01,-1.639920810403046048e+00,0.000000000000000000e+00
-9.497933863570052759e-01,1.481652628381033399e+00,0.000000000000000000e+00
1.847533343282679263e+00,2.286464312486987449e+00,0.000000000000000000e+00
3.384682549606949364e-01,1.597668894374469017e+00,0.000000000000000000e+00
-2.882905426713761390e-02,-7.146191912983550498e-01,0.000000000000000000e+00
1.002637317181326537e+00,1.058580534587529431e+00,0.000000000000000000e+00
5.693953778853304559e-01,1.189364047471165309e+00,0.000000000000000000e+00
1.110302921652845803e-01,-9.610760441145136390e-01,0.000000000000000000e+00
3.754745965424087784e-01,-3.195828394766705993e-01,0.000000000000000000e+00
5.963753551500936556e-01,1.501020386186643130e+00,0.000000000000000000e+00
2.898898916821628924e-01,-8.114113189454245090e-01,0.000000000000000000e+00
7.319873862192803615e-02,-8.310767669634054888e-01,0.000000000000000000e+00
-1.537599560627834983e+00,5.330353262763088962e-01,0.000000000000000000e+00
-6.915269023298117324e-01,3.512055232611556443e-02,0.000000000000000000e+00
1.927798531772129398e-01,3.043688652502496428e-01,0.000000000000000000e+00
1.574024453232058807e-01,1.510759537994674995e+00,0.000000000000000000e+00
7.305539128456387532e-01,-2.948622367568163316e-01,0.000000000000000000e+00
5.634303569917551435e-01,7.688513863162261819e-01,0.000000000000000000e+00
5.615181004022972155e-01,7.899605105100264701e-01,0.000000000000000000e+00
-2.096450666749146916e-02,-1.057779067888581226e+00,0.000000000000000000e+00
4.156386540666534568e-01,1.092795866666427251e+00,0.000000000000000000e+00
9.412175713348855943e-01,1.067739747722792482e-01,0.000000000000000000e+00
-4.256100297950730638e-01,-3.866295925956380053e-01,0.000000000000000000e+00
-1.331585649478906896e+00,-2.479507763606385862e-01,0.000000000000000000e+00
-1.018442024039982297e+00,-1.358250801385819884e+00,0.000000000000000000e+00
-1.840591702539938090e+00,2.865007836874111646e-01,0.000000000000000000e+00
-1.113583197486731347e-01,1.215779806653661810e+00,0.000000000000000000e+00
-1.926554274679521894e+00,2.216958031061992407e-01,0.000000000000000000e+00
8.283210039943712522e-01,-6.331378645614986755e-01,0.000000000000000000e+00
-1.441862158543074868e+00,-3.965147899426096911e-01,0.000000000000000000e+00
-2.599225306502343513e-01,-1.022761347222711947e+00,0.000000000000000000e+00
2.512613747341363446e+00,3.054144421079325156e+00,0.000000000000000000e+00
2.660516061022248913e-01,-9.931640085946180641e-01,0.000000000000000000e+00
-1.413747126599691761e-01,-1.006521047676405267e+00,0.000000000000000000e+00
-1.638082182991517977e+00,-8.052561681191044984e-01,0.000000000000000000e+00
2.026432587920226069e+00,-1.146412033201416741e-01,0.000000000000000000e+00
-4.350304160621030758e-01,-1.913560238906829580e+00,0.000000000000000000e+00
5.209478839140173623e-01,-1.550695915297369831e+00,0.000000000000000000e+00
-4.211030420464568214e-01,-9.138946234706321059e-01,0.000000000000000000e+00
-4.546317615941321555e-01,4.574932025529541979e-02,0.000000000000000000e+00
8.517829883818096581e-01,1.991873715602120010e+00,0.000000000000000000e+00
-8.747239677532963054e-01,7.761668938856165767e-02,0.000000000000000000e+00
1.175638347867355021e-01,-1.087696569569733596e+00,0.000000000000000000e+00
1.003710645262640144e-01,8.926792438669809426e-01,0.000000000000000000e+00
-2.374813275566007784e-02,3.538894684181145278e-01,0.000000000000000000e+00
1.307979478931791562e+00,-1.699100818221815912e+00,0.000000000000000000e+00
-1.733664624473392202e+00,-1.983430669968672122e-01,0.000000000000000000e+00
-2.772817619048059679e-01,4.024834290394385672e-01,0.000000000000000000e+00
-2.202583910871555584e-01,-2.525745848392499937e+00,0.000000000000000000e+00
-9.198930535705992506e-01,1.564001051735260661e-01,0.000000000000000000e+00
8.221125266487517846e-01,3.808649108118419280e-01,0.000000000000000000e+00
7.435921117182935358e-01,9.688036488498069643e-01,0.000000000000000000e+00
-6.853210867230986880e-02,-1.372415059160803308e+00,0.000000000000000000e+00
5.690135573893315701e-01,8.947722631517291969e-01,0.000000000000000000e+00
-7.906932211417365686e-01,1.073200641875932115e+00,0.000000000000000000e+00
-1.039977209530462687e+00,5.472850740259479485e-01,0.000000000000000000e+00
-9.751905912662546180e-03,1.008042894947716484e+00,0.000000000000000000e+00
9.344372453225718855e-01,9.586417217321580031e-01,0.000000000000000000e+00
-1.217624052039885774e+00,1.515184552183954647e+00,0.000000000000000000e+00
-1.849390979359111675e+00,-1.531365429799787847e+00,0.000000000000000000e+00
9.290097439784731348e-01,-1.590168177874758393e-01,0.000000000000000000e+00
4.719819210877689852e-01,-1.359326606521127578e+00,0.000000000000000000e+00
-7.647937339717592042e-01,1.301537451654393607e+00,0.000000000000000000e+00
-8.578154609212882420e-01,6.779897922286031164e-01,0.000000000000000000e+00
1.650952335787673197e+00,1.047719749506461184e+00,0.000000000000000000e+00
-1.215483082624429390e+00,1.006252107590540401e+00,0.000000000000000000e+00
-2.506528040986946149e+00,-1.092354547796750897e+00,0.000000000000000000e+00
5.752500593351582703e-01,-5.242833236211688064e-01,0.000000000000000000e+00
-4.887833737832726344e-01,-1.705574139423637198e-02,0.000000000000000000e+00
-6.498865915843594632e-01,1.005272922148595871e+00,0.000000000000000000e+00
6.442556542450946777e-01,5.056348429361389174e-01,0.000000000000000000e+00
9.843490582395574007e-02,2.083202398513738451e+00,0.000000000000000000e+00
1.220661402443136367e+00,-3.778394325505746720e-01,0.000000000000000000e+00
-7.955899182855481755e-02,-7.273846709624061102e-01,0.000000000000000000e+00
1.120020699120706897e+00,4.278024687224218359e-01,0.000000000000000000e+00
-1.910773367653428867e+00,5.409009054573925557e-01,0.000000000000000000e+00
8.026848633815828471e-01,-1.643355615330247321e+00,0.000000000000000000e+00
1.903608312409316439e-01,-1.821184118647579953e-01,0.000000000000000000e+00
-1.157249374702541855e+00,8.669933704419201526e-01,0.000000000000000000e+00
-1.060688226115473087e+00,-1.132264955311977073e-01,0.000000000000000000e+00
-6.135052673322218680e-02,-1.005215905807542963e-02,0.000000000000000000e+00
-4.472563239644855582e-01,1.857705322651620916e+00,0.000000000000000000e+00
1.974880683486943678e+00,9.465809801072131435e-01,0.000000000000000000e+00
-1.736076605410396878e+00,4.017657580697178155e-01,0.000000000000000000e+00
-5.741021221751277936e-01,3.998374342063920062e-01,0.000000000000000000e+00
1.258915733003519888e+00,-2.940519312665244855e-02,0.000000000000000000e+00
4.017084644063259949e-03,-2.625434844600212925e-01,0.000000000000000000e+00
-3.100896943406927231e-01,-2.572930005534259101e-01,0.000000000000000000e+00
-9.348256624870421305e-02,5.259226245005473865e-01,0.000000000000000000e+00
-2.101898585843020140e+00,-1.120770877982369740e+00,0.000000000000000000e+00
2.253462476472173071e-01,4.304971826873988522e-02,0.000000000000000000e+00
-1.673531373264227351e-01,-1.757369619424498541e+00,0.000000000000000000e+00
1.715430800522677046e+00,-5.975398960434549211e-01,0.000000000000000000e+00
-1.122775963921183728e-01,4.294320736453043352e-01,0.000000000000000000e+00
4.213049628525086243e-01,1.715741453815233797e-01,0.000000000000000000e+00
3.028634845357923155e-01,-3.907545739749829772e-01,0.000000000000000000e+00
3.445187652615993024e+00,1.985651266436450513e+00,1.000000000000000000e+00
2.956289837523716990e+00,2.923844156058171606e+00,1.000000000000000000e+00
4.134921433325668971e+00,2.819334999118203733e-01,1.000000000000000000e+00
3.155164187355479655e+00,2.468230115314373307e+00,1.000000000000000000e+00
8.552010591741927570e-01,2.434566160921439959e+00,1.000000000000000000e+00
3.145101216353490603e+00,3.435470313598503189e+00,1.000000000000000000e+00
3.319174974245596488e+00,3.710817041150634488e+00,1.000000000000000000e+00
1.184587885878801705e+00,4.519260039537059015e+00,1.000000000000000000e+00
3.225516583502996859e+00,1.629354903862666459e+00,1.000000000000000000e+00
3.126319548762667377e+00,2.307353491785110400e+00,1.000000000000000000e+00
5.379297296210159729e+00,2.980065782446223999e+00,1.000000000000000000e+00
1.624247865905354304e+00,2.378283172422430702e+00,1.000000000000000000e+00
3.154214026346421118e+00,2.542799713069622047e+00,1.000000000000000000e+00
3.456959995528996910e+00,2.946263144188309813e+00,1.000000000000000000e+00
3.094025758498666345e+00,2.561980394593204924e+00,1.000000000000000000e+00
3.645359423271193222e+00,2.503300159813969916e+00,1.000000000000000000e+00
3.395795248302329927e+00,3.598309698179630978e+00,1.000000000000000000e+00
7.432274596436974079e-01,3.225432955665004542e+00,1.000000000000000000e+00
3.638134735490912597e+00,4.436599398694836438e+00,1.000000000000000000e+00
2.687574802421250908e+00,3.152272904448831792e+00,1.000000000000000000e+00
3.003511098197067852e+00,2.476019714666317206e+00,1.000000000000000000e+00
2.936222357418412088e+00,2.803429062617208700e+00,1.000000000000000000e+00
3.939583041761196114e+00,4.918186061529712383e+00,1.000000000000000000e+00
3.063906849227107987e+00,4.268501172769840757e+00,1.000000000000000000e+00
4.370065253994804166e+00,2.988390686354679193e+00,1.000000000000000000e+00
3.919206802753867347e+00,1.828632181964693570e+00,1.000000000000000000e+00
4.545888708533923683e+00,4.204888504876157285e+00,1.000000000000000000e+00
2.846665824955097790e+00,3.296509376580303741e+00,1.000000000000000000e+00
2.219954058608371028e+00,2.747792609070664582e+00,1.000000000000000000e+00
3.153391129747986632e+00,4.185362207328731543e+00,1.000000000000000000e+00
4.276273843350764103e+00,3.086540972745184241e+00,1.000000000000000000e+00
2.890573262172313473e+00,3.724538084149084050e+00,1.000000000000000000e+00
2.551073583878709083e+00,2.549472738351666212e+00,1.000000000000000000e+00
2.607186060067675726e+00,2.211000206601672069e+00,1.000000000000000000e+00
3.469615532494406462e+00,2.882872567493171445e+00,1.000000000000000000e+00
4.262472988219545122e+00,3.763094365654245266e+00,1.000000000000000000e+00
2.711934019833664333e+00,3.615630712377765565e+00,1.000000000000000000e+00
2.232073178604352837e+00,3.890972735648713599e+00,1.000000000000000000e+00
2.493033832576520226e+00,2.256777866630757856e+00,1.000000000000000000e+00
3.297492906524017720e-01,3.902787401229044661e+00,1.000000000000000000e+00
1.514954982696188779e+00,1.924169844708610189e+00,1.000000000000000000e+00
3.121935993729055614e+00,3.493993231449274539e+00,1.000000000000000000e+00
2.995563142962211156e+00,4.515755634563871190e+00,1.000000000000000000e+00
3.873728809891436420e+00,3.079551326195992367e+00,1.000000000000000000e+00
4.302891553825480386e+00,5.071303362024681682e+00,1.000000000000000000e+00
4.299873813665712419e+00,1.322353629553614907e+00,1.000000000000000000e+00
4.249442706737831088e+00,3.415755316135363984e+00,1.000000000000000000e+00
2.942599537962550027e+00,2.216330264372488479e+00,1.000000000000000000e+00
3.140433774909494602e+00,4.466597477631587765e+00,1.000000000000000000e+00
4.315320028016246923e+00,3.507122590081176217e+00,1.000000000000000000e+00
2.854320494314003032e+00,3.855636730471802665e+00,1.000000000000000000e+00
2.232982000021388469e+00,2.632458453656527642e+00,1.000000000000000000e+00
1.675644014513622881e+00,2.778458963646540436e+00,1.000000000000000000e+00
1.591300942773255844e+00,4.158078730216043795e+00,1.000000000000000000e+00
3.021276467570944035e+00,1.681766084188812238e+00,1.000000000000000000e+00
2.047826426538339017e+00,2.450650209906738652e+00,1.000000000000000000e+00
2.212081932790282313e+00,3.001053006094612563e+00,1.000000000000000000e+00
4.413722508469172467e+00,3.656721935135229806e+00,1.000000000000000000e+00
3.781981728950512434e+00,2.846818469458739731e+00,1.000000000000000000e+00
3.146962780549981353e+00,4.186777852108974685e+00,1.000000000000000000e+00
4.489147330845566941e+00,2.190458650337664182e+00,1.000000000000000000e+00
1.880149724831956304e+00,3.177902480512580397e+00,1.000000000000000000e+00
1.939515320012421107e+00,3.646903554701122374e+00,1.000000000000000000e+00
3.690021586872053394e+00,4.267069316215117425e+00,1.000000000000000000e+00
2.452221067395532472e+00,3.128809874358445597e+00,1.000000000000000000e+00
5.463836404833990912e+00,3.239309556669446533e+00,1.000000000000000000e+00
3.006406583151653766e+00,3.189161233311214261e+00,1.000000000000000000e+00
4.227191096097590695e+00,4.061090573315475183e+00,1.000000000000000000e+00
3.300182924424313047e+00,4.330710560817420784e+00,1.000000000000000000e+00
1.463298924944180790e+00,2.803905277874766178e+00,1.000000000000000000e+00
2.828402289472697007e+00,2.356068188142619757e+00,1.000000000000000000e+00
1.205786109812245988e+00,2.314747454012786143e+00,1.000000000000000000e+00
2.686403403061676354e+00,2.693328298870720783e+00,1.000000000000000000e+00
1.630657979760713250e+00,4.733836504057892469e+00,1.000000000000000000e+00
3.023623151581564361e+00,1.591656976649578947e+00,1.000000000000000000e+00
4.886470059675563249e+00,6.700554686481674516e-01,1.000000000000000000e+00
3.123591336133093144e+00,2.724790101462840397e+00,1.000000000000000000e+00
3.107586548627702339e+00,2.057953199759863683e+00,1.000000000000000000e+00
3.326808679820655978e+00,4.593160771891645844e+00,1.000000000000000000e+00
5.689120302422571385e+00,5.077744345359542777e+00,1.000000000000000000e+00
3.141945632950392309e+00,5.583046840937120336e+00,1.000000000000000000e+00
2.629221486298201516e+00,3.880520761872066959e+00,1.000000000000000000e+00
5.053966975039941190e+00,2.151000428794011654e+00,1.000000000000000000e+00
3.425907201814771152e+00,3.149467390902211505e+00,1.000000000000000000e+00
2.209752577779520610e+00,3.693272840010513480e+00,1.000000000000000000e+00
3.388119858790631600e+00,2.345286205564704130e+00,1.000000000000000000e+00
4.029064254100785725e+00,4.849539672236719667e+00,1.000000000000000000e+00
3.348140166291843300e+00,3.506193308486433846e+00,1.000000000000000000e+00
3.458886245875488097e+00,2.291887332633400831e+00,1.000000000000000000e+00
6.024115332403718881e-01,3.043647180355547821e+00,1.000000000000000000e+00
3.177303482888668373e+00,2.698186199814391451e+00,1.000000000000000000e+00
2.921579300106449395e+00,2.801340260688011341e+00,1.000000000000000000e+00
2.728122734471358779e+00,2.822531313267471642e+00,1.000000000000000000e+00
1.895553202241468504e+00,2.674520694160528400e+00,1.000000000000000000e+00
3.187782780907377322e+00,3.142341870992756192e+00,1.000000000000000000e+00
1.043699060263503453e+00,2.585716342213828955e+00,1.000000000000000000e+00
3.729439755680937552e+00,3.904543830614827460e+00,1.000000000000000000e+00
1.926313815068971147e+00,3.053838034206928231e+00,1.000000000000000000e+00
3.184512014310829642e+00,4.080883950201712906e+00,1.000000000000000000e+00
1.807926319942059878e+00,3.482636756709056147e+00,1.000000000000000000e+00
2.951457032123735669e+00,2.526278881973627044e+00,1.000000000000000000e+00
3.758254076086246620e+00,4.143809152647765615e+00,1.000000000000000000e+00
3.807280181571113697e+00,1.500519943456783079e+00,1.000000000000000000e+00
2.573608117137921703e+00,3.601907841776243568e+00,1.000000000000000000e+00
1.138348519843766171e+00,2.631015307385504265e+00,1.000000000000000000e+00
3.177538957076852189e+00,1.662469688978085225e+00,1.000000000000000000e+00
4.394230744370757336e+00,2.248751643316908577e+00,1.000000000000000000e+00
4.040015486905895514e+00,3.796211843460471247e+00,1.000000000000000000e+00
2.098761208056316274e+00,2.312998407037506698e+00,1.000000000000000000e+00
2.405663215307191294e+00,2.498016424496975585e+00,1.000000000000000000e+00
3.655926718212542781e+00,3.455398040448223185e+00,1.000000000000000000e+00
5.690135253959532236e+00,2.573257282541112634e+00,1.000000000000000000e+00
2.457438753765391670e+00,3.727141010001193688e+00,1.000000000000000000e+00
2.123633696499983792e+00,3.058482918742196244e+00,1.000000000000000000e+00
2.599888683212921325e+00,2.253563149883803796e+00,1.000000000000000000e+00
2.058365001772070269e+00,4.738056070288557464e+00,1.000000000000000000e+00
1.173363767274917535e+00,2.937436951713987110e+00,1.000000000000000000e+00
3.074446711481912065e+00,2.166370237271475929e+00,1.000000000000000000e+00
2.586221160661722251e+00,2.504402538913564680e+00,1.000000000000000000e+00
2.308232679850637847e+00,2.762734351606713101e+00,1.000000000000000000e+00
4.620361104126348373e+00,3.563915649019889553e+00,1.000000000000000000e+00
4.713905533763686151e+00,4.018924804396896810e+00,1.000000000000000000e+00
5.127495967511420005e+00,2.668406541091352224e+00,1.000000000000000000e+00
1.548424074063729616e+00,2.138039892576824474e+00,1.000000000000000000e+00
4.199176860513134102e+00,2.848562450744577923e+00,1.000000000000000000e+00
1.769965475617711004e+00,1.433844778469641090e+00,1.000000000000000000e+00
2.901094121483628996e+00,2.942522127322027448e+00,1.000000000000000000e+00
2.997442701492288197e+00,2.549477500954751452e+00,1.000000000000000000e+00
2.075074948098426297e+00,4.211972180768406737e+00,1.000000000000000000e+00
2.620272365800026648e+00,1.988204864857996856e+00,1.000000000000000000e+00
3.537363038058583431e+00,3.063372319939576371e+00,1.000000000000000000e+00
4.240458420070461365e+00,3.409817305857189673e+00,1.000000000000000000e+00
3.531538953182762341e+00,6.348946162336748245e-01,1.000000000000000000e+00
1.667112196666878043e+00,3.513351639726262743e+00,1.000000000000000000e+00
3.531891810143876320e+00,3.925251137938697621e+00,1.000000000000000000e+00
2.267214897773658144e+00,1.886757823324997529e+00,1.000000000000000000e+00
3.872038267656217947e+00,3.780013026563230127e+00,1.000000000000000000e+00
2.565021937305834054e+00,3.750203114286476680e+00,1.000000000000000000e+00
2.865730465555993423e+00,4.395035823230752925e+00,1.000000000000000000e+00
3.347649245864565248e+00,1.632894180945264617e+00,1.000000000000000000e+00
6.720210827143602295e-01,4.041066161730450190e+00,1.000000000000000000e+00
1.356344590796338290e+00,2.734875183654420283e+00,1.000000000000000000e+00
4.233449045015079903e+00,2.226419784859464457e+00,1.000000000000000000e+00
4.644079919837395209e+00,3.492951827593576919e+00,1.000000000000000000e+00
5.759158917830347946e+00,3.209662162629570936e+00,1.000000000000000000e+00
3.002395404174206472e+00,3.879210790090287464e+00,1.000000000000000000e+00
2.947252070704494020e+00,1.364035578670465432e+00,1.000000000000000000e+00
3.563710456858077080e+00,2.190061417658069054e+00,1.000000000000000000e+00
3.818856620254414747e+00,2.547289743546565788e+00,1.000000000000000000e+00
4.367914323898204998e+00,3.636937641050351111e+00,1.000000000000000000e+00
3.003542926412718916e+00,3.050482557205178136e+00,1.000000000000000000e+00
3.637935370755701836e+00,3.361752588621647941e+00,1.000000000000000000e+00
4.077955452179566009e+00,1.832622232054604172e+00,1.000000000000000000e+00
4.414650980146099357e+00,3.181707023696681347e+00,1.000000000000000000e+00
2.042683519884857191e+00,2.438740288324044769e+00,1.000000000000000000e+00
3.678110845604406709e+00,3.241326678279271345e+00,1.000000000000000000e+00
1.437859263024444445e+00,2.391682941176147104e+00,1.000000000000000000e+00
1.725744914671486052e+00,4.055007352484141236e+00,1.000000000000000000e+00
2.174694427906656902e+00,3.040952973472283993e+00,1.000000000000000000e+00
3.022194394146463736e+00,3.110438984628708159e+00,1.000000000000000000e+00
1.804956033066031029e+00,4.552511587977724261e+00,1.000000000000000000e+00
2.849706601394913719e+00,3.387096780993872791e+00,1.000000000000000000e+00
2.796117823057362006e+00,2.579066581486799681e+00,1.000000000000000000e+00
1.757505358682781349e+00,3.924276341018298364e+00,1.000000000000000000e+00
1.635793658889288293e+00,1.781409001744803655e+00,1.000000000000000000e+00
3.133364492562151771e+00,5.014264735895135772e+00,1.000000000000000000e+00
1.573906265374821700e+00,2.883819705768301045e+00,1.000000000000000000e+00
5.029704064962082555e+00,3.129820239345723287e+00,1.000000000000000000e+00
6.770939090706034058e-01,2.149194951569638690e+00,1.000000000000000000e+00
4.829536101422151617e+00,3.633494723402200588e+00,1.000000000000000000e+00
5.604956666875365201e+00,3.029872109619767162e+00,1.000000000000000000e+00
3.692228840311131410e+00,2.472313902377548001e+00,1.000000000000000000e+00
3.683074200741741411e+00,1.941556012966887845e+00,1.000000000000000000e+00
2.729585430532258439e+00,4.307852675585929880e+00,1.000000000000000000e+00
3.660710267209058788e+00,1.714849711743553717e+00,1.000000000000000000e+00
1.379054517371969490e+00,4.490454191818341378e+00,1.000000000000000000e+00
2.398939185713766076e+00,4.427931389580257004e+00,1.000000000000000000e+00
4.560305175596110594e+00,2.911857454429869652e+00,1.000000000000000000e+00
2.021319507072790511e+00,2.225408583880769786e+00,1.000000000000000000e+00
3.906624680381071801e+00,1.579360065547493974e+00,1.000000000000000000e+00
2.130423771985997305e+00,3.762856004630810602e+00,1.000000000000000000e+00
2.399751922726662823e+00,2.756678514873604602e+00,1.000000000000000000e+00
2.778137456862942223e+00,3.423478719326859654e+00,1.000000000000000000e+00
3.460719888013350065e+00,2.848326066122386369e+00,1.000000000000000000e+00
3.519523748806994590e+00,3.177187601027889663e+00,1.000000000000000000e+00
3.024665835457089003e+00,3.478242146138511792e+00,1.000000000000000000e+00
4.019804458568174255e+00,2.270232122355576809e+00,1.000000000000000000e+00
8.148239355096356107e-01,2.970424638585115407e+00,1.000000000000000000e+00
2.085481184159811097e+00,1.651064894423928342e+00,1.000000000000000000e+00
2.231030540074469659e+00,1.208389604323758304e+00,1.000000000000000000e+00
2.221751613075400478e+00,3.255485287543669504e+00,1.000000000000000000e+00
4.091772033898008587e+00,1.556431132310604593e+00,1.000000000000000000e+00
1.947991441431299542e+00,3.944581861673623013e+00,1.000000000000000000e+00
3.698859639267143784e+00,4.376603066028592615e+00,1.000000000000000000e+00
4.193220116748180182e+00,3.525081875574227919e+00,1.000000000000000000e+00
2.597213588983964261e+00,1.522577326577528867e+00,1.000000000000000000e+00
3.603440029918164367e+00,2.946795145481071465e+00,1.000000000000000000e+00
3.546320563742468401e+00,3.240321695078038911e+00,1.000000000000000000e+00
1.502629322565049552e+00,2.987358894832200296e+00,1.000000000000000000e+00
3.382782394421510297e+00,2.875143616866497887e+00,1.000000000000000000e+00
4.142835751787400156e+00,4.020932435839507768e+00,1.000000000000000000e+00
2.946045893299221952e+00,2.162153044767015420e+00,1.000000000000000000e+00
2.294091154658318921e+00,2.773983973702001560e+00,1.000000000000000000e+00
3.540173307405809489e+00,2.498814649144472266e+00,1.000000000000000000e+00
4.555436797625949552e+00,1.682167360708511916e+00,1.000000000000000000e+00
3.073285645368047714e+00,1.979850219539297074e+00,1.000000000000000000e+00
4.166939779347018202e+00,1.255261373899212884e+00,1.000000000000000000e+00
2.475175377326327197e+00,2.804341961972049102e+00,1.000000000000000000e+00
4.189080355905675290e+00,1.852872920431302362e+00,1.000000000000000000e+00
2.720389778649606072e+00,3.930170637621399177e+00,1.000000000000000000e+00
2.180440589516319694e+00,4.036143672660946535e+00,1.000000000000000000e+00
3.091495601643817981e+00,1.538227981035717562e+00,1.000000000000000000e+00
3.293858639888813222e+00,2.269768336631514671e+00,1.000000000000000000e+00
3.197354488258571603e+00,3.706311575431624927e+00,1.000000000000000000e+00
1.656738360160714851e+00,2.140771059895442363e+00,1.000000000000000000e+00
2.340805755677369149e+00,4.185341230603829565e+00,1.000000000000000000e+00
2.840702552749327481e+00,2.150277472326545869e+00,1.000000000000000000e+00
2.555559911783334748e+00,3.063412948931588442e+00,1.000000000000000000e+00
1.573525130111920411e+00,3.370405597215354820e+00,1.000000000000000000e+00
2.671333461939756848e+00,2.356852077617454189e+00,1.000000000000000000e+00
4.032510104533806761e+00,3.046900912041174525e+00,1.000000000000000000e+00
2.932110345808015328e+00,4.540280813580698904e+00,1.000000000000000000e+00
3.685860471331483090e+00,2.981659189309602276e+00,1.000000000000000000e+00
3.962793685154616163e+00,2.233513845071299464e+00,1.000000000000000000e+00
4.891779537096425656e+00,3.084664732361762862e+00,1.000000000000000000e+00
1.376160997489234594e+00,2.850726299694435806e+00,1.000000000000000000e+00
1.549204095965480033e+00,4.229298194101385633e+00,1.000000000000000000e+00
1.837279030466513863e+00,3.776190152680659384e+00,1.000000000000000000e+00
2.221663486721185521e+00,2.856873754261659570e+00,1.000000000000000000e+00
2.791385227669980207e+00,2.532794253497520298e+00,1.000000000000000000e+00
4.563957859980010134e+00,2.291969955750984056e+00,1.000000000000000000e+00
2.922638472249882380e+00,4.603765672512126983e+00,1.000000000000000000e+00
1.559854483322511642e+00,2.786201327240573900e+00,1.000000000000000000e+00
3.832916818233962353e+00,7.707787819908276106e-01,1.000000000000000000e+00
3.393635463083236381e+00,2.374450016188342616e+00,1.000000000000000000e+00
2.968062232879238316e+00,4.822337128187401234e+00,1.000000000000000000e+00
2.170224791707547674e+00,2.586215091453306414e+00,1.000000000000000000e+00
4.300770581396438530e+00,3.293006594039337820e+00,1.000000000000000000e+00
2.128061634736536423e+00,1.079295171110760565e+00,1.000000000000000000e+00
2.640685873620489676e+00,2.044128200677499674e+00,1.000000000000000000e+00
2.444489959772254473e+00,3.378971362814404245e+00,1.000000000000000000e+00
2.079611884001900446e+00,2.146940442491211520e+00,1.000000000000000000e+00
2.220027976117412649e+00,2.047655426134252110e+00,1.000000000000000000e+00
6.347169859678336579e-01,3.826344386779903406e+00,1.000000000000000000e+00
3.332219399779519087e+00,3.928136223543293948e+00,1.000000000000000000e+00
2.620881275423024626e+00,2.242262802292899426e+00,1.000000000000000000e+00
2.289211127698916659e+00,4.133368722261353767e+00,1.000000000000000000e+00
3.475459872212771639e+00,3.709716801346140791e+00,1.000000000000000000e+00
2.932306002021720204e+00,3.765241325582456611e+00,1.000000000000000000e+00
3.765713999912069898e+00,2.316811028025898000e+00,1.000000000000000000e+00
2.551875086327669795e+00,3.196843482389855495e+00,1.000000000000000000e+00
4.291815169738127267e+00,4.174759349723813351e+00,1.000000000000000000e+00
9.107355468073072835e-01,5.009078674686659127e+00,1.000000000000000000e+00
1.489839200353315629e+00,3.601786174740532864e+00,1.000000000000000000e+00
4.740666358314590489e+00,5.191951953842270484e+00,1.000000000000000000e+00
3.233420369174552889e+00,4.138655062583842081e+00,1.000000000000000000e+00
3.553578066392924839e+00,3.077035081011028961e+00,1.000000000000000000e+00
4.162334785596910613e+00,4.779550808552137653e+00,1.000000000000000000e+00
1.159414472402890972e+00,3.941007863919906651e+00,1.000000000000000000e+00
2.638561709835526070e+00,2.957162606271362293e+00,1.000000000000000000e+00
3.457833406127468479e+00,2.279598855605322605e+00,1.000000000000000000e+00
2.846923225057739870e+00,2.526584849074478001e+00,1.000000000000000000e+00
1.343957578747565718e+00,4.049383898694392414e+00,1.000000000000000000e+00
2.397074254267888005e+00,4.097231814980839104e+00,1.000000000000000000e+00
2.046851609548716588e+00,2.735003913606197656e-01,1.000000000000000000e+00
4.900355520572985846e+00,2.840491385301304295e+00,1.000000000000000000e+00
2.462583459489964710e+00,3.011853130866902983e+00,1.000000000000000000e+00
1.153506070105215331e+00,2.658798667428520890e+00,1.000000000000000000e+00
1.672696241022757269e+00,2.230035704404375707e+00,1.000000000000000000e+00
3.761479558049470207e+00,1.569149018075655988e+00,1.000000000000000000e+00
4.493459950963896610e+00,5.412587846089154553e+00,1.000000000000000000e+00
1.662606106775809112e+00,4.130015441112623975e+00,1.000000000000000000e+00
3.040858678543873150e+00,2.326887234625687917e+00,1.000000000000000000e+00
2.349583530642616491e+00,4.811215210166437828e+00,1.000000000000000000e+00
4.195187911610279485e+00,2.484709204847182384e+00,1.000000000000000000e+00
1.654896765407644965e+00,3.588367737308643335e+00,1.000000000000000000e+00
2.186141910948527389e+00,1.372655735853695047e+00,1.000000000000000000e+00
3.519790552551132823e+00,2.362636556878494609e+00,1.000000000000000000e+00
3.166827268127193840e+00,4.868881152083073260e+00,1.000000000000000000e+00
3.598606185104525679e+00,3.145768566505162234e+00,1.000000000000000000e+00
3.601611162065792016e+00,3.794291757672814125e+00,1.000000000000000000e+00
3.947244224881716335e+00,1.978148713902304401e+00,1.000000000000000000e+00
3.431582653192590371e+00,3.187916446628296985e+00,1.000000000000000000e+00
3.601802588748927114e+00,3.452093745349463116e+00,1.000000000000000000e+00
3.760428940698523181e+00,3.400253148655238089e+00,1.000000000000000000e+00
9.403081391759706698e-01,3.274299524771064007e+00,1.000000000000000000e+00
3.289856406690401247e+00,2.924380966735965259e+00,1.000000000000000000e+00
3.364537550021915902e+00,2.300097663799061554e+00,1.000000000000000000e+00
4.556465186428730441e+00,3.729284872757967051e+00,1.000000000000000000e+00
3.520937673125938083e+00,4.962245989218730280e+00,1.000000000000000000e+00
2.693007140958106671e+00,2.854615475098278843e+00,1.000000000000000000e+00
2.416254363212771317e+00,4.174507555873465670e+00,1.000000000000000000e+00
3.404275100521390485e+00,4.920880722435728494e+00,1.000000000000000000e+00
2.887016193876051240e+00,2.988542032744076149e+00,1.000000000000000000e+00
3.725527683493454312e+00,1.762394832420423052e+00,1.000000000000000000e+00
1.590251326979724489e+00,2.508539208868430848e+00,1.000000000000000000e+00
3.281875184185187866e+00,4.054201739145861794e+00,1.000000000000000000e+00
4.278956536692874124e+00,1.825674363959847391e+00,1.000000000000000000e+00
5.035886287005530093e+00,2.821472472757648120e+00,1.000000000000000000e+00
1.625462467375713649e+00,3.220264985939967239e+00,1.000000000000000000e+00
6.393345822808299772e+00,8.856228290795547409e+00,2.000000000000000000e+00
7.092623199542629209e+00,1.016440238454316258e+01,2.000000000000000000e+00
6.045325882783141758e+00,9.868145387879668107e+00,2.000000000000000000e+00
7.064579165144963646e+00,1.141533552539497975e+01,2.000000000000000000e+00
5.200658184251337524e+00,1.056121799357047841e+01,2.000000000000000000e+00
6.514349743201992560e+00,1.067853608336361404e+01,2.000000000000000000e+00
7.810234483245896975e+00,9.466309960054170247e+00,2.000000000000000000e+00
5.497787450382720209e+00,1.067888957449337184e+01,2.000000000000000000e+00
4.990115666978297781e+00,1.234703952216378475e+01,2.000000000000000000e+00
4.084520585257688907e+00,9.053541006167225902e+00,2.000000000000000000e+00
8.044706056268179140e+00,1.122768753599799751e+01,2.000000000000000000e+00
6.575066482936805734e+00,1.031295822686433894e+01,2.000000000000000000e+00
6.410715739669325508e+00,1.047443186011170546e+01,2.000000000000000000e+00
6.341156917103870860e+00,8.764887158746699214e+00,2.000000000000000000e+00
5.413943142356568927e+00,9.853354843732445190e+00,2.000000000000000000e+00
6.769808319699848198e+00,1.003172768405905302e+01,2.000000000000000000e+00
6.770108605902914078e+00,1.027448971335009809e+01,2.000000000000000000e+00
6.099307267660796228e+00,1.031612852478310138e+01,2.000000000000000000e+00
6.090481444630980512e+00,9.755104422004780673e+00,2.000000000000000000e+00
6.683185508136165964e+00,8.515673355147942658e+00,2.000000000000000000e+00
5.343183466417197991e+00,1.165494581830758847e+01,2.000000000000000000e+00
5.898355981471379295e+00,1.145343014141431226e+01,2.000000000000000000e+00
6.423090919518794628e+00,9.257269625283580439e+00,2.000000000000000000e+00
5.921577066102577724e+00,9.166122111513363535e+00,2.000000000000000000e+00
3.097446963544115306e+00,1.057544772799132460e+01,2.000000000000000000e+00
5.247554631179575324e+00,1.116705755352434259e+01,2.000000000000000000e+00
7.022722459646662863e+00,1.082160689518372543e+01,2.000000000000000000e+00
5.382306813508881405e+00,1.154362639560936543e+01,2.000000000000000000e+00
5.445752423534836240e+00,1.018517201511647308e+01,2.000000000000000000e+00
8.058579224210777880e+00,9.953715608508883150e+00,2.000000000000000000e+00
3.983349151184069292e+00,9.081803555480833623e+00,2.000000000000000000e+00
5.435710812568903094e+00,1.028667334523480292e+01,2.000000000000000000e+00
4.277330640746196622e+00,1.114495635266549378e+01,2.000000000000000000e+00
5.208444615179990578e+00,1.154739431690888019e+01,2.000000000000000000e+00
8.035439758456071502e+00,9.775329586338635579e+00,2.000000000000000000e+00
5.055234101229976851e+00,9.650163780549560144e+00,2.000000000000000000e+00
6.311703431929250208e+00,8.923563095245800270e+00,2.000000000000000000e+00
5.866464889868444388e+00,8.657983701764269568e+00,2.000000000000000000e+00
4.133708260235223086e+00,1.159117191739976604e+01,2.000000000000000000e+00
6.926514022693467609e+00,8.968588961504885049e+00,2.000000000000000000e+00
5.215354203925232746e+00,9.885787940223577763e+00,2.000000000000000000e+00
7.012269563101152237e+00,1.202995653396485309e+01,2.000000000000000000e+00
4.663328263013719166e+00,9.924206454369789654e+00,2.000000000000000000e+00
6.173984954731988495e+00,9.020942408341191765e+00,2.000000000000000000e+00
6.023640319393052778e+00,9.472822774074728613e+00,2.000000000000000000e+00
4.743576437359729780e+00,7.019958344156076890e+00,2.000000000000000000e+00
3.900545093475159319e+00,9.866408656430827762e+00,2.000000000000000000e+00
5.754024979775103077e+00,1.058802677914113843e+01,2.000000000000000000e+00
6.548916593694172228e+00,9.340436751274863170e+00,2.000000000000000000e+00
6.119718904519841018e+00,1.136836647625717056e+01,2.000000000000000000e+00
4.872090471478365714e+00,1.034116596218195383e+01,2.000000000000000000e+00
7.738182884467303069e+00,1.109558794299283058e+01,2.000000000000000000e+00
6.822291718543298522e+00,1.075480146074428589e+01,2.000000000000000000e+00
5.513735207190619825e+00,9.831525483585721759e+00,2.000000000000000000e+00
6.464016517696344444e+00,9.274145156188422945e+00,2.000000000000000000e+00
5.965044492009464960e+00,1.024798034704626559e+01,2.000000000000000000e+00
6.766450685550643662e+00,9.131623670257541292e+00,2.000000000000000000e+00
5.746597469519784340e+00,1.128054015328808113e+01,2.000000000000000000e+00
6.617634778822336195e+00,1.065834733161118564e+01,2.000000000000000000e+00
5.586747949174072581e+00,1.105713022468301787e+01,2.000000000000000000e+00
5.124808794824128988e+00,7.542749702658119837e+00,2.000000000000000000e+00
6.469325590617083677e+00,9.014942342473661441e+00,2.000000000000000000e+00
5.122145612282398730e+00,9.609839592238749617e+00,2.000000000000000000e+00
5.649640805562278878e+00,9.723361372853311480e+00,2.000000000000000000e+00
5.882709200253455784e+00,8.698959566724719039e+00,2.000000000000000000e+00
5.738916210448970823e+00,8.400424491918716541e+00,2.000000000000000000e+00
7.982086719519947415e+00,1.119736303408283895e+01,2.000000000000000000e+00
5.887739711576773338e+00,1.101733241384790496e+01,2.000000000000000000e+00
4.968244930134445347e+00,9.761309464162291505e+00,2.000000000000000000e+00
6.660087113354475896e+00,8.793201479096973472e+00,2.000000000000000000e+00
5.276306984697507474e+00,1.036203506183893097e+01,2.000000000000000000e+00
8.102541076905039219e+00,9.091713131670854153e+00,2.000000000000000000e+00
5.384764537626144154e+00,9.265204075365391034e+00,2.000000000000000000e+00
4.754001006215633041e+00,9.453547155077323794e+00,2.000000000000000000e+00
7.085768565037112054e+00,1.173726433481277631e+01,2.000000000000000000e+00
4.807930091837401498e+00,9.490780998463742790e+00,2.000000000000000000e+00
9.150383876263330052e+00,8.163433859543562932e+00,2.000000000000000000e+00
6.518241897331165546e+00,1.043624367752700088e+01,2.000000000000000000e+00
5.141110865627792847e+00,1.085677799767301188e+01,2.000000000000000000e+00
5.593188686675221177e+00,1.052318932305972865e+01,2.000000000000000000e+00
5.347480570692320967e+00,1.173510222751439258e+01,2.000000000000000000e+00
5.019911987817692989e+00,8.982037412811440191e+00,2.000000000000000000e+00
6.521986025890850414e+00,8.370013395549161572e+00,2.000000000000000000e+00
5.939764345956498381e+00,8.521426826737755533e+00,2.000000000000000000e+00
5.419788027141371423e+00,1.096093352493050510e+01,2.000000000000000000e+00
6.553434344858636074e+00,1.128345557321971526e+01,2.000000000000000000e+00
6.215466197540164828e+00,9.384737575640697216e+00,2.000000000000000000e+00
4.089683374967834517e+00,1.044758316780559682e+01,2.000000000000000000e+00
4.973425082013858578e+00,1.004877110122243344e+01,2.000000000000000000e+00
6.370812144395348042e+00,1.062528492890433540e+01,2.000000000000000000e+00
6.354971985960860437e+00,9.384300395293928787e+00,2.000000000000000000e+00
6.858184118918108751e+00,1.067160215456306105e+01,2.000000000000000000e+00
4.446405565595169307e+00,1.036985467614491441e+01,2.000000000000000000e+00
6.620579417402351119e+00,1.086579456677449329e+01,2.000000000000000000e+00
5.754088495646088042e+00,1.074993295271289995e+01,2.000000000000000000e+00
6.116544337803505371e+00,8.711430856708133774e+00,2.000000000000000000e+00
3.580893846700620387e+00,1.149740156027299598e+01,2.000000000000000000e+00
6.054137460934782666e+00,1.064696466950758591e+01,2.000000000000000000e+00
4.850817620119594054e+00,8.947400527570652073e+00,2.000000000000000000e+00
7.690047862362515474e+00,1.013654373474514436e+01,2.000000000000000000e+00
5.120319348642334845e+00,1.029955126196965054e+01,2.000000000000000000e+00
6.170908278921982237e+00,9.018370096186099971e+00,2.000000000000000000e+00
7.796245516487806171e+00,8.442500533823226405e+00,2.000000000000000000e+00
7.094569664185466529e+00,1.072065984624443935e+01,2.000000000000000000e+00
6.516794637826897940e+00,1.083183390814009961e+01,2.000000000000000000e+00
7.503949005354410673e+00,1.072728611590356174e+01,2.000000000000000000e+00
5.975969354997013205e+00,7.644737409063767863e+00,2.000000000000000000e+00
6.219390823846166150e+00,1.036036917080920006e+01,2.000000000000000000e+00
5.912859507615293886e+00,1.117467952581953128e+01,2.000000000000000000e+00
6.394327114143585788e+00,8.686815885890840860e+00,2.000000000000000000e+00
6.044519089912875565e+00,1.188981279779107325e+01,2.000000000000000000e+00
5.514676402986564696e+00,1.007977900649977165e+01,2.000000000000000000e+00
6.193863506519060813e+00,1.045844880427625689e+01,2.000000000000000000e+00
5.548421160324418899e+00,1.094903928296773010e+01,2.000000000000000000e+00
6.638707780017797155e+00,8.070456161625857661e+00,2.000000000000000000e+00
5.457932063472161310e+00,1.022653725344348885e+01,2.000000000000000000e+00
6.633023894352757743e+00,8.629649302145045553e+00,2.000000000000000000e+00
6.241547491081547605e+00,9.489347357412725614e+00,2.000000000000000000e+00
4.340027738164591753e+00,1.120226557012775004e+01,2.000000000000000000e+00
6.258066488032019592e+00,1.125272371795043469e+01,2.000000000000000000e+00
5.106818069958984907e+00,9.984504075328475281e+00,2.000000000000000000e+00
5.676297429160729102e+00,1.060805378607981275e+01,2.000000000000000000e+00
5.927017284789474871e+00,1.099844633662800319e+01,2.000000000000000000e+00
6.054707883480768160e+00,1.082159668553022946e+01,2.000000000000000000e+00
2.490602429075218005e+00,1.114454502872896313e+01,2.000000000000000000e+00
4.180866015482804343e+00,9.169981222787553676e+00,2.000000000000000000e+00
7.086804545200172889e+00,8.768986643316146967e+00,2.000000000000000000e+00
7.001289124510776674e+00,1.015407530619455656e+01,2.000000000000000000e+00
6.933998758725177680e+00,1.058499227237461149e+01,2.000000000000000000e+00
5.298907159197512762e+00,9.811305335283615037e+00,2.000000000000000000e+00
6.730937572816884540e+00,1.016632295980011413e+01,2.000000000000000000e+00
6.051172990163027343e+00,9.736927604577591211e+00,2.000000000000000000e+00
4.708301234662284784e+00,9.460556416858736384e+00,2.000000000000000000e+00
5.593259502156907814e+00,1.101896415318577382e+01,2.000000000000000000e+00
6.693824775296706164e+00,9.435031683167469652e+00,2.000000000000000000e+00
6.089745207717649933e+00,1.010636716037395644e+01,2.000000000000000000e+00
6.247981634933050366e+00,1.192888039058378524e+01,2.000000000000000000e+00
7.191014265626691326e+00,9.308320340759253853e+00,2.000000000000000000e+00
6.181002068363123492e+00,9.167538592339569803e+00,2.000000000000000000e+00
5.505238248144383562e+00,1.009245436047552857e+01,2.000000000000000000e+00
6.407941610447243086e+00,1.007980166107587827e+01,2.000000000000000000e+00
7.499160136129541243e+00,1.182922890245040826e+01,2.000000000000000000e+00
7.025003578149349615e+00,1.116834681127421014e+01,2.000000000000000000e+00
5.765043939814888496e+00,1.040607683494329017e+01,2.000000000000000000e+00
6.284651158841411345e+00,8.858887045780251768e+00,2.000000000000000000e+00
4.741142161810054212e+00,1.205412705747797375e+01,2.000000000000000000e+00
4.965099017508352475e+00,9.115834626676779351e+00,2.000000000000000000e+00
6.637552188900089689e+00,1.048159961121674755e+01,2.000000000000000000e+00
6.869791116516360319e+00,8.522472009498432755e+00,2.000000000000000000e+00
5.629380406343154952e+00,1.145323887257183770e+01,2.000000000000000000e+00
6.763966114314110989e+00,9.929092909071854933e+00,2.000000000000000000e+00
6.711592855027070037e+00,1.073974847790981180e+01,2.000000000000000000e+00
8.353729459235310628e+00,9.507126145269580775e+00,2.000000000000000000e+00
4.948336118594141908e+00,1.042711985687839693e+01,2.000000000000000000e+00
5.030197585337466748e+00,1.003093087081199464e+01,2.000000000000000000e+00
5.453628795525292894e+00,1.061587633863287650e+01,2.000000000000000000e+00
5.698805661855317339e+00,9.461829685062969730e+00,2.000000000000000000e+00
7.300480206562661500e+00,1.044338829356892440e+01,2.000000000000000000e+00
4.361444815400599140e+00,1.023383207228101810e+01,2.000000000000000000e+00
7.284027986715992498e+00,9.694874008275508714e+00,2.000000000000000000e+00
4.880287907136680481e+00,1.206863587462627940e+01,2.000000000000000000e+00
6.432212017868234710e+00,9.598755723951258645e+00,2.000000000000000000e+00
6.588812746950232224e+00,9.187391695467683306e+00,2.000000000000000000e+00
5.512298818210606299e+00,1.022432651861835673e+01,2.000000000000000000e+00
5.892731841673236381e+00,1.108814928697178281e+01,2.000000000000000000e+00
6.311278223525010667e+00,1.085116167071331716e+01,2.000000000000000000e+00
5.490293619314074114e+00,9.794271627389104395e+00,2.000000000000000000e+00
7.936507260135767794e+00,1.117995099817646398e+01,2.000000000000000000e+00
7.033496253870618276e+00,1.199880217415646300e+01,2.000000000000000000e+00
5.533162587996914183e+00,8.865982646898876496e+00,2.000000000000000000e+00
6.845342359048946612e+00,1.010535496103821096e+01,2.000000000000000000e+00
5.898823539745637667e+00,9.635423840456443401e+00,2.000000000000000000e+00
7.250470581214402799e+00,1.075949575890554222e+01,2.000000000000000000e+00
6.657379499416145485e+00,1.208521885044747712e+01,2.000000000000000000e+00
6.275047473935382314e+00,1.049482667071880648e+01,2.000000000000000000e+00
6.440823486335382597e+00,1.075390989740905567e+01,2.000000000000000000e+00
5.913740988172935253e+00,1.142741821738136032e+01,2.000000000000000000e+00
4.602423478151864700e+00,8.674773066512067032e+00,2.000000000000000000e+00
4.394757675482836135e+00,9.859656926261202159e+00,2.000000000000000000e+00
5.327654770615461999e+00,1.021797815418096889e+01,2.000000000000000000e+00
6.276813173593017936e+00,1.027763499484374421e+01,2.000000000000000000e+00
4.539522821146272591e+00,1.133952683057695232e+01,2.000000000000000000e+00
6.685626078425404017e+00,1.098753873727427433e+01,2.000000000000000000e+00
6.606833322327799074e+00,9.346386128962736350e+00,2.000000000000000000e+00
6.821059304949200097e+00,1.115663109711789502e+01,2.000000000000000000e+00
6.942873241887267177e+00,9.647643838169273067e+00,2.000000000000000000e+00
6.018846188223920812e+00,1.037973694366713673e+01,2.000000000000000000e+00
5.792867851326822581e+00,1.053240649490468428e+01,2.000000000000000000e+00
5.701537889014018923e+00,1.044157240471371395e+01,2.000000000000000000e+00
5.059432157022593302e+00,1.004796200127659134e+01,2.000000000000000000e+00
5.825543243449082809e+00,1.092978057349202636e+01,2.000000000000000000e+00
7.232712412456915096e+00,1.138844898745577972e+01,2.000000000000000000e+00
6.251448323858101119e+00,1.052763161994556107e+01,2.000000000000000000e+00
5.117746794695854362e+00,9.792398648467372624e+00,2.000000000000000000e+00
4.649628092481851382e+00,8.877254809888379228e+00,2.000000000000000000e+00
5.991955842121442721e+00,1.065603319613986955e+01,2.000000000000000000e+00
5.471295740474063862e+00,1.082797849344334651e+01,2.000000000000000000e+00
6.460995137907947772e+00,1.137427443176505015e+01,2.000000000000000000e+00
6.339884913073256634e+00,1.006900506859229161e+01,2.000000000000000000e+00
8.229103295147101704e+00,1.000751869279667794e+01,2.000000000000000000e+00
4.380588456817790188e+00,9.610396226384173346e+00,2.000000000000000000e+00
6.258331617330906482e+00,1.058520551135602084e+01,2.000000000000000000e+00
4.883882212638704701e+00,8.781694546572927251e+00,2.000000000000000000e+00
6.273753296177689620e+00,1.164125657435327099e+01,2.000000000000000000e+00
4.829263565962779836e+00,1.034782704909921414e+01,2.000000000000000000e+00
5.972913984123238151e+00,9.185204212728050877e+00,2.000000000000000000e+00
6.044802232428319932e+00,9.458691424930377067e+00,2.000000000000000000e+00
5.546380619649735166e+00,1.155084206849424433e+01,2.000000000000000000e+00
6.884495023847996720e+00,1.127034312034523289e+01,2.000000000000000000e+00
6.582789759281185482e+00,9.633999360414438939e+00,2.000000000000000000e+00
5.603762699910676659e+00,9.927009671672424318e+00,2.000000000000000000e+00
5.447371764757592771e+00,1.184268037643243332e+01,2.000000000000000000e+00
5.847325505024175030e+00,9.821548830631094518e+00,2.000000000000000000e+00
6.243133634202329141e+00,9.687368093316701234e+00,2.000000000000000000e+00
5.185824457616365457e+00,1.057897416143980784e+01,2.000000000000000000e+00
5.493196944205839927e+00,9.393992088917128669e+00,2.000000000000000000e+00
4.407686921165563376e+00,9.430307459762738986e+00,2.000000000000000000e+00
7.700734009504645705e+00,9.456155145634264514e+00,2.000000000000000000e+00
5.957631560768612111e+00,9.288782826423620520e+00,2.000000000000000000e+00
4.731369466239802257e+00,1.026005001175493625e+01,2.000000000000000000e+00
5.502430658465430113e+00,1.143386247848935078e+01,2.000000000000000000e+00
5.131218290844354435e+00,1.068772745885758013e+01,2.000000000000000000e+00
5.200134474653350658e+00,9.562088341145733139e+00,2.000000000000000000e+00
5.660493394407962064e+00,1.241760965756198587e+01,2.000000000000000000e+00
6.888975426676797298e+00,1.042949870875497176e+01,2.000000000000000000e+00
7.433774397245247023e+00,1.000563817749774920e+01,2.000000000000000000e+00
6.287707492280189214e+00,9.994868376134348864e+00,2.000000000000000000e+00
7.757290633395706791e+00,1.021037183860717867e+01,2.000000000000000000e+00
5.329081630646199663e+00,9.941905804372186850e+00,2.000000000000000000e+00
4.695548952139782628e+00,1.104513526092444664e+01,2.000000000000000000e+00
5.334775124957217507e+00,6.299210817644917526e+00,2.000000000000000000e+00
5.569301347405053448e+00,8.959441560326482090e+00,2.000000000000000000e+00
7.145047988548434148e+00,9.426809870804925495e+00,2.000000000000000000e+00
6.552458436828523247e+00,1.033386047116951012e+01,2.000000000000000000e+00
6.354055340559148668e+00,9.988462752735726369e+00,2.000000000000000000e+00
5.899358327991897966e+00,1.098827428833282660e+01,2.000000000000000000e+00
7.217309576661062209e+00,1.048635162695164880e+01,2.000000000000000000e+00
5.363399123823868742e+00,1.007258667298874144e+01,2.000000000000000000e+00
5.422905605165762033e+00,1.259821967123877329e+01,2.000000000000000000e+00
7.318026181614381898e+00,1.086537444738482883e+01,2.000000000000000000e+00
6.607074428742977013e+00,8.954282489155771074e+00,2.000000000000000000e+00
7.393232984094615823e+00,1.204740872839387933e+01,2.000000000000000000e+00
4.747533038238430869e+00,8.291459777952894683e+00,2.000000000000000000e+00
7.891769317202975920e+00,1.023741853824027181e+01,2.000000000000000000e+00
7.945823562555169417e+00,9.584056316321055036e+00,2.000000000000000000e+00
7.406258015711909337e+00,1.095958521514453565e+01,2.000000000000000000e+00
6.238069067620636510e+00,8.541798800730145302e+00,2.000000000000000000e+00
6.022987760235969823e+00,9.921993471530237585e+00,2.000000000000000000e+00
4.091187156793376190e+00,9.527952978539321549e+00,2.000000000000000000e+00
5.554125730623246326e+00,8.883313428138583490e+00,2.000000000000000000e+00
7.161465770119782803e+00,8.488501049082962879e+00,2.000000000000000000e+00
5.921731213838516084e+00,9.753994406749482593e+00,2.000000000000000000e+00
5.184786692222520976e+00,1.013442803856569796e+01,2.000000000000000000e+00
4.913185210284261473e+00,1.066159892765360162e+01,2.000000000000000000e+00
6.316657732181631957e+00,8.321198973949277544e+00,2.000000000000000000e+00
4.279070636334015632e+00,9.089782871880441206e+00,2.000000000000000000e+00
7.014937644873899814e+00,1.087355247699880323e+01,2.000000000000000000e+00
4.632972131895208179e+00,1.115197725690874897e+01,2.000000000000000000e+00
6.249956239129615732e+00,1.046428333182720216e+01,2.000000000000000000e+00
5.727392766072816777e+00,1.000020642645131197e+01,2.000000000000000000e+00
7.528579091599729267e+00,9.446659533525593844e+00,2.000000000000000000e+00
6.162194677642067298e+00,1.080905346997096572e+01,2.000000000000000000e+00
4.829548815356219826e+00,1.055375067922304666e+01,2.000000000000000000e+00
6.175697162248824590e+00,1.135464110715856201e+01,2.000000000000000000e+00
5.011615643589165892e+00,1.180823598992321166e+01,2.000000000000000000e+00
6.877702003753062066e+00,9.573971211692157368e+00,2.000000000000000000e+00
7.662885247735427896e+00,9.535620128017686881e+00,2.000000000000000000e+00
6.262108674347735437e+00,1.022319982540451022e+01,2.000000000000000000e+00
5.694645027438992813e+00,9.100479963831952901e+00,2.000000000000000000e+00
8.074204271259963761e+00,1.076249215819162508e+01,2.000000000000000000e+00
6.840540282490564117e+00,1.216240442707905345e+01,2.000000000000000000e+00
4.611425566209735649e+00,1.055661711622822629e+01,2.000000000000000000e+00
4.961886454879031128e+00,1.016864196007072074e+01,2.000000000000000000e+00
3.940589848588921029e+00,1.168942890034215054e+01,2.000000000000000000e+00
6.243631031452864910e+00,1.070263456240976474e+01,2.000000000000000000e+00
8.178075742611937926e+00,1.014769305365969743e+01,2.000000000000000000e+00
6.280949095996321674e+00,1.281970288542479608e+01,2.000000000000000000e+00
6.268426405762595799e+00,9.154501142097890565e+00,2.000000000000000000e+00
8.012936671383631193e+00,1.024924505705096678e+01,2.000000000000000000e+00
6.008654775419440597e+00,8.186032687742082814e+00,2.000000000000000000e+00
5.374989579403526285e+00,1.053154264472653523e+01,2.000000000000000000e+00
6.097039442260605568e+00,1.027480904411702056e+01,2.000000000000000000e+00
7.626309722584158735e+00,8.816358590214466773e+00,2.000000000000000000e+00
7.051917819894519823e+00,1.065581611452247657e+01,2.000000000000000000e+00
7.249214364744186234e+00,1.058141320028631860e+01,2.000000000000000000e+00
6.143434137593098754e+00,8.865749109484529100e+00,2.000000000000000000e+00
6.076908636355791593e+00,1.065070310085109995e+01,2.000000000000000000e+00
7.659038424908218623e+00,1.069325200379383212e+01,2.000000000000000000e+00
6.013513143078230705e+00,8.860034011016244548e+00,2.000000000000000000e+00
6.664178951615069124e+00,9.414423873076069427e+00,2.000000000000000000e+00
6.025764405510154020e+00,1.081148452147099448e+01,2.000000000000000000e+00
5.362608909669211776e+00,1.062746213134133555e+01,2.000000000000000000e+00
3.913699045540567578e+00,9.989379698783514172e+00,2.000000000000000000e+00
5.985748463802870845e+00,1.197583380593018454e+01,2.000000000000000000e+00
5.589734785201461165e+00,1.199913817072753908e+01,2.000000000000000000e+00
7.242800418148123143e+00,9.760758628061152464e+00,2.000000000000000000e+00
5.475997491834494468e+00,1.071702769782908859e+01,2.000000000000000000e+00
4.718515869200311741e+00,9.821217972067444180e+00,2.000000000000000000e+00
5.434282905186586632e+00,8.900744471396933477e+00,2.000000000000000000e+00
5.534521441735706482e+00,9.392729432322500571e+00,2.000000000000000000e+00
